case_id,image_file,org,paper_group,campaign_group,ocr_text,gold_level,gold_evidence_url,annotator_1,annotator_2,known_issue
P01,1000326307.jpg,Pertamina,PRIMER_RISIKO,goletskerja,,,,,,
P02,1000326315.jpg,BNI,PRIMER_RISIKO,goletskerja,,,,,,
P03,1000326308.jpg,PT Dash Elektrik,PRIMER_RISIKO,bitly,,,,,,KONTRADIKSI: Tabel A=Primer(Scam) tapi Tabel B=posting valid (False Positive). Tentukan label dgn bukti eksternal.
P04,1000326311.jpg,PAMA,PRIMER_RISIKO,goletskerja,,,,,,
P05,1000326306.jpg,Roti'O,PRIMER_RISIKO,ig_anon,,,,,,
P06,1000326449.jpg,Loker Australia,PRIMER_RISIKO,ig_overseas,,,,,,
P07,1000326450.jpg,LPK KCC Magelang,PRIMER_RISIKO,lpk,,,,,,
P08,1000326451.jpg,BUMN Bersama 2026,PRIMER_RISIKO,updateinfoloker,,,,,,FILE DUPLIKAT dgn #18 (1000326451.jpg)
P09,1000326453.jpg,Randstad,PRIMER_RISIKO,randstad,,,,,,
P10,1000326454.jpg,Asia Mundo Tours,PRIMER_RISIKO,india_thailand,,,,,,
P11,1000326469.jpg,UNICEF,PRIMER_RISIKO,lowkerjogja,,,,,,
P12,1000326468.jpg,PUPR,PRIMER_RISIKO,updateinfoloker,,,,,,
P13,1000326466.jpg,BNN,PRIMER_RISIKO,updateinfoloker,,,,,,
P14,1000326460.jpg,Neo Travels,PRIMER_RISIKO,india_thailand,,,,,,
P15,1000326459.jpg,ICEI Visa,PRIMER_RISIKO,india_thailand,,,,,,
P16,1000326458.jpg,Angkasa Pura Supports,PRIMER_RISIKO,goletskerja,,,,,,
P17,1000326463.jpg,KAWISATA,PRIMER_RISIKO,lokerku,,,,,,
P18,1000326451.jpg,BUMN 2026 Multi,PRIMER_RISIKO,updateinfoloker,,,,,,FILE DUPLIKAT dgn #8 (1000326451.jpg)
P19,1000326652.jpg,Kamboja CS,PRIMER_RISIKO,kamboja,,,,,,
P20,1000326650.jpg,Kamboja Typing,PRIMER_RISIKO,kamboja,,,,,,
P21,1000326649.jpg,info_kerja_international,PRIMER_RISIKO,ig_overseas,,,,,,
P22,1000326697.jpg,Toko Roti fiktif,PRIMER_RISIKO,wa_qr,,,,,,
P23,1000326696.jpg,PT Investasi Mandiri,PRIMER_RISIKO,wa_broadcast,,,,,,
P24,1000326676.jpg,Sociolla x Glad2Glow,PRIMER_RISIKO,brand_impersonation,,,,,,
P25,1000326303.jpg,Hero Media Online,PRIMER_RISIKO,wa_ktp,,,,,,
P26,1000326304.jpg,Bank Mega,SEKUNDER_VALID,kitalulus_agg,,,,,,
P27,1000326793.jpg,Elshe,SEKUNDER_VALID,single_27,,,,,,
P28,1000326314.jpg,GF Culinary,SEKUNDER_VALID,single_28,,,,,,
P29,1000326302.jpg,LPK Putri Bunda,SEKUNDER_VALID,single_29,,,,,,LPK lokal: cek izin; Tabel A=5% (R8) bertentangan dgn aturan v3 (WA saja bukan risiko)
P30,1000326456.jpg,Harita Nickel,SEKUNDER_VALID,single_30,,,,,,
P31,1000326379.jpg,Dikichi,SEKUNDER_VALID,single_31,,,,,,
P32,1000326312.jpg,Campina,SEKUNDER_VALID,kitalulus_agg,,,,,,
P33,1000326452.jpg,KBRI Riyadh,SEKUNDER_VALID,single_33,,,,,,
P34,1000326377.jpg,QUICK,SEKUNDER_VALID,single_34,,,,,,
P35,1000326795.jpg,ECINOS,SEKUNDER_VALID,single_35,,,,,,
P36,1000326411.jpg,Pakuwon Mall Jogja,SEKUNDER_VALID,bitly,,,,,,Shortlink pada employer valid
P37,1000326398.jpg,Bintang Timur,SEKUNDER_VALID,single_37,,,,,,
P38,1000326435.jpg,Chickin,SEKUNDER_VALID,single_38,,,,,,
P39,1000326429.jpg,AEON Delight,SEKUNDER_VALID,single_39,,,,,,
P40,1000326423.jpg,DyKa,SEKUNDER_VALID,single_40,,,,,,
P41,1000326426.jpg,Advantis,SEKUNDER_VALID,single_41,,,,,,
P42,1000326414.jpg,Super Spring,SEKUNDER_VALID,single_42,,,,,,
P43,1000326420.jpg,Kapal Api,SEKUNDER_VALID,single_43,,,,,,
P44,1000326467.jpg,KAO,SEKUNDER_VALID,single_44,,,,,,
P45,1000326660.jpg,Toko Armindo,SEKUNDER_VALID,single_45,,,,,,Email gratisan pada UMKM valid
P46,1000326662.jpg,Aoka,SEKUNDER_VALID,single_46,,,,,,
P47,1000326659.jpg,SSB Hj Hesti,SEKUNDER_VALID,single_47,,,,,,
P48,1000326668.jpg,Dexa Group,SEKUNDER_VALID,bitly,,,,,,Shortlink pada employer valid
P49,1000326396.jpg,Toyota-Astra,SEKUNDER_VALID,single_49,,,,,,
P50,1000326417.jpg,ABC President,SEKUNDER_VALID,single_50,,,,,,
