record_id,date,source_org,target_org,source_platform,case_type,case_summary,observed_evidence,indicator_candidates,label,source_url,case_role,confidence,use_for_case_eval,expected_R_heuristic,mapping_status
FAKE-IDN-001,2025-03-13,Komdigi,MR DIY,TikTok,Impersonation + suspicious link,Unggahan TikTok mengatasnamakan MR DIY mengarahkan pelamar ke tautan yang bukan situs resmi. MR DIY menyatakan tidak bekerja sama dengan pihak tersebut untuk rekrutmen.,Impersonation; off-domain application link; unofficial recruitment channel.,L1; L3,FAKE,https://www.komdigi.go.id/berita/berita-hoaks/detail/hoaks-akun-tiktok-lowongan-pekerjaan-mr-diy,CASE,GOLD,True,R4,HEURISTIC_NEEDS_HUMAN_REVIEW
FAKE-IDN-002,2025-01-27,Komdigi,PT Djarum,Facebook,Impersonation + data collection,"Tautan yang diklaim sebagai pendaftaran lowongan PT Djarum tidak menuju situs karier resmi, tetapi menuju halaman pengisian data diri. Djarum menegaskan rekrutmen resmi tidak dipungut biaya dan diumumkan melalui kanal resminya.",Impersonation; off-domain application page; personal-data collection; conflict with official recruitment channel.,D3; L3; L1,FAKE,https://www.komdigi.go.id/berita/berita-hoaks/detail/hoaks-lowongan-pekerjaan-mengatasnamakan-pt-djarum-tahun-2025,CASE,GOLD,True,R3;R4,HEURISTIC_NEEDS_HUMAN_REVIEW
FAKE-IDN-003,2025-03-12,Jabar Saber Hoaks,PT Antam Tbk,Facebook,Impersonation + suspicious registration link,Akun Facebook nonresmi mengatasnamakan PT Emas Antam Indonesia dan menawarkan beberapa posisi dengan tautan pendaftaran. Pemeriksaan menemukan akun dan tautan tersebut bukan kanal resmi Antam.,Impersonation; non-official social account; non-official application link.,L1; L3,FAKE,https://saberhoaks.jabarprov.go.id/v2/klarifikasi/detail/PTN003078/REKRUTMEN-PT-EMAS-ANTAM-INDONESIA-2025,CASE,GOLD,True,R4,HEURISTIC_NEEDS_HUMAN_REVIEW
FAKE-IDN-004,2025-02-14,Jabar Saber Hoaks,PT Epson Indonesia,Facebook,Impersonation + external form,"Unggahan Facebook mengklaim Epson membuka rekrutmen besar-besaran dan mengarahkan pelamar ke Google Forms, bukan kanal rekrutmen resmi.",Impersonation; suspicious external registration form.,L1; L3; L2,FAKE,https://saberhoaks.jabarprov.go.id/v2/klarifikasi/detail/PTN002962/PT--EPSON-MEMBUKA-LOKER-BESAR---BESARAN-TAHUN-202,CASE,GOLD,True,R4,HEURISTIC_NEEDS_HUMAN_REVIEW
FAKE-IDN-005,2025-03-06,Jabar Saber Hoaks,Pegadaian,TikTok,Impersonation + data harvesting,Akun TikTok nonresmi menawarkan lowongan Pegadaian dan mengarahkan pendaftaran ke halaman yang meminta nama lengkap serta nomor Telegram aktif. Informasi tersebut tidak ditemukan pada kanal resmi.,Impersonation; personal-data collection; Telegram contact capture; absent official confirmation.,D1; D3; L1; L3,FAKE,https://saberhoaks.jabarprov.go.id/v2/klarifikasi/detail/PTN003036/LOWONGAN-KERJA-PT.-PEGADAIAN-TAHUN-2025,CASE,GOLD,True,R3;R4;R8,HEURISTIC_NEEDS_HUMAN_REVIEW
FAKE-IDN-006,2025-08-04,Jabar Saber Hoaks,Pegadaian,TikTok,Impersonation + data harvesting,"Unggahan TikTok tentang rekrutmen Pegadaian pada periode tertentu mengarahkan pelamar ke tautan yang meminta nama lengkap, provinsi, dan nomor Telegram. Kanal resmi tidak mengonfirmasi lowongan tersebut.",Impersonation; personal-data collection; non-official registration link.,D1; D3; L1; L3,FAKE,https://saberhoaks.jabarprov.go.id/v2/klarifikasi/detail/PTN003514/TAUTAN-PENDAFTARAN-LOWONGAN-KERJA-PT-PEGADAIAN--1-AGUSTUS--19-SEPTEMBER-2025,CASE,GOLD,True,R3;R4,HEURISTIC_NEEDS_HUMAN_REVIEW
FAKE-IDN-007,2024-12-31,Komdigi,Kejaksaan RI,Facebook,Impersonation + KTP request,Unggahan Facebook mengklaim pembukaan loker Kejaksaan dan mengarahkan pendaftaran ke WhatsApp dengan permintaan nomor KTP. Klarifikasi menyatakan rekrutmen resmi dilakukan melalui kanal seleksi CASN resmi.,Impersonation; WhatsApp redirection; KTP request; conflict with official recruitment process.,D1; L1; L3,FAKE,https://www.komdigi.go.id/berita/berita-hoaks/detail/hoaks-rekrutmen-penerimaan-kejaksaan-negeri-tahun-anggaran-20242025,CASE,GOLD,True,R3;R4;R8,HEURISTIC_NEEDS_HUMAN_REVIEW
FAKE-IDN-008,2025-01-02,Komdigi,PAM JAYA,Facebook,Impersonation + unrealistic salary,Unggahan Facebook menawarkan open recruitment PAM JAYA dengan beberapa posisi dan gaji sampai puluhan juta rupiah. PAM JAYA menyatakan informasi tersebut palsu dan rekrutmen resmi diumumkan melalui kanal resminya.,Impersonation; unusually high compensation claim; unofficial channel.,F3; L1; L3,FAKE,https://www.komdigi.go.id/berita/berita-hoaks/detail/hoaks-tautan-pendaftaran-lowongan-pekerjaan-pam-jaya,CASE,GOLD,True,R2;R4;R8,HEURISTIC_NEEDS_HUMAN_REVIEW
FAKE-IDN-009,2025-03-17,Komdigi,PT Total Bangun Persada,Facebook,Impersonation + Telegram redirection,"Tautan pendaftaran yang mengatasnamakan PT Total Bangun Persada mengarah ke formulir untuk masuk ke Telegram, bukan portal karier resmi perusahaan.",Impersonation; off-domain registration; Telegram account access/redirection.,L1; L3; D2,FAKE,https://www.komdigi.go.id/berita/berita-hoaks/detail/hoaks-tautan-pendaftaran-lowongan-kerja-pt-total-bangun-persada,CASE,GOLD,True,R3;R4;R8,HEURISTIC_NEEDS_HUMAN_REVIEW
FAKE-IDN-010,2025-03-04,Jabar Saber Hoaks,PT Meratus,Facebook,Impersonation + data harvesting,Akun Facebook nonresmi menawarkan program Meratus dan mengarahkan pendaftaran ke halaman yang meminta nama sesuai KTP serta nomor Telegram. Informasi resmi perusahaan berbeda dari posting palsu tersebut.,Impersonation; identity-data request; Telegram capture; material inconsistency with official vacancy.,D1; D3; L1; L3; L2,FAKE,https://saberhoaks.jabarprov.go.id/v2/klarifikasi/detail/PTN003018/TAUTAN-PENDAFTARAN-LOWONGAN-KERJA-PT.-MERATUS,CASE,GOLD,True,R3;R4;R5;R8,HEURISTIC_NEEDS_HUMAN_REVIEW
FAKE-IDN-011,2025-01-21,Jabar Saber Hoaks,PT Ultra Jaya/Ultra Milk,Facebook,Impersonation + data harvesting + misleading requirements,Akun Facebook nonresmi menawarkan lowongan Ultra Milk dan mengarahkan ke situs yang meminta nama sesuai KTP serta nomor Telegram. Persyaratan pada unggahan berbeda dari informasi resmi perusahaan.,Impersonation; identity-data request; Telegram capture; inconsistent age/requirements.,D1; D3; L1; L3; L2,FAKE,https://saberhoaks.jabarprov.go.id/v2/klarifikasi/detail/ADN016015/TAUTAN-LOWONGAN-KERJA-DI-ULTRA-MILK%2C-BATAS-USIA-50-TAHUN,CASE,GOLD,True,R3;R4;R5;R8,HEURISTIC_NEEDS_HUMAN_REVIEW
FAKE-IDN-012,2025-02-10,Jabar Saber Hoaks,SCTV & Indosiar,TikTok,Impersonation + high salary + data harvesting,Unggahan TikTok menawarkan SCTV/Indosiar dengan gaji Rp8–28 juta dan mengarahkan ke situs nonresmi. Halaman tersebut meminta biodata dan nomor Telegram; kanal resmi tidak menunjukkan lowongan tersebut.,Impersonation; high compensation claim; personal-data collection; non-official domain.,F3; D1; D3; L1; L3,FAKE,https://saberhoaks.jabarprov.go.id/v2/klarifikasi/detail/PTN002909/LOWONGAN-PEKERJAAN-DI-KANTOR-SCTV-DAN-INDOSIAR,CASE,GOLD,True,R2;R3;R4,HEURISTIC_NEEDS_HUMAN_REVIEW
FAKE-IDN-013,2025-07-22,Jabar Saber Hoaks,PT Mayora Indah Tbk,Facebook,Impersonation + Google Form + data harvesting,Posting Facebook menawarkan lowongan Mayora dan mengarahkan pendaftaran ke Google Form yang meminta biodata. Perusahaan menyatakan rekrutmen resminya menggunakan kanal resmi.,Impersonation; external form; biodata collection; channel inconsistency.,D3; L1; L3,FAKE,https://saberhoaks.jabarprov.go.id/v2/klarifikasi/detail/PTN003482/PENDAFTARAN-LOKER-MAYORA-MELALUI-LINK-GOOGLE-FORM,CASE,GOLD,True,R3;R4;R5,HEURISTIC_NEEDS_HUMAN_REVIEW
FAKE-IDN-014,2025-06-25,Jabar Saber Hoaks,PT Mitsubishi Motor Indonesia,Instagram,Impersonation + data harvesting,Akun Instagram menawarkan lowongan operator produksi dan mengarahkan pendaftaran ke halaman yang meminta biodata serta nomor Telegram. Kanal resmi tidak menunjukkan lowongan yang sama.,Impersonation; personal-data collection; Telegram capture; inconsistent vacancy information.,D1; D3; L1; L3; L2,FAKE,https://saberhoaks.jabarprov.go.id/v2/klarifikasi/detail/ADN016226/LOKER-PT-MITSUBISHI-MOTOR-INDONESIA-,CASE,GOLD,True,R3;R4;R5;R8,HEURISTIC_NEEDS_HUMAN_REVIEW
FAKE-IDN-015,2025-08-23,Komdigi,PT Elnusa Tbk,Instagram,Impersonation,Akun Instagram palsu mengatasnamakan Elnusa dan menyebarkan informasi rekrutmen. Elnusa menyatakan proses rekrutmen hanya melalui laman dan media sosial resminya.,Fake social-media account; impersonation; channel inconsistency.,L1; L3,FAKE,https://www.komdigi.go.id/berita/berita-hoaks/detail/hoaks-lowongan-kerja-di-pt-elnusa-tbk,CASE,GOLD,True,R4;R5,HEURISTIC_NEEDS_HUMAN_REVIEW
FAKE-IDN-016,2025-11-14,Komdigi,PT Pertamina,Facebook,Impersonation + high salary,Poster Facebook mengatasnamakan Pertamina menawarkan gaji Rp7–25 juta. Pertamina membantah dan menyatakan rekrutmen resmi hanya melalui kanal resmi perusahaan.,Impersonation; high compensation claim; unofficial social-media recruitment.,F3; L1; L3,FAKE,https://www.komdigi.go.id/berita/berita-hoaks/detail/hoaks-poster-lowongan-kerja-dari-pt-pertamina-pada-november-2025,CASE,GOLD,True,R2;R4,HEURISTIC_NEEDS_HUMAN_REVIEW
FAKE-IDN-017,2025-06-03,Komdigi,Bank Mandiri Taspen,TikTok,Impersonation + data harvesting,"Video TikTok menawarkan lowongan Bank Mandiri Taspen dengan tautan pendaftaran. Tautan tersebut meminta nama lengkap dan nomor Telegram, sementara kanal resmi tidak menunjukkan lowongan aktif tersebut.",Impersonation; personal-data collection; Telegram capture; absent official confirmation.,D1; D3; L1; L3,FAKE,https://www.komdigi.go.id/berita/berita-hoaks/detail/hoaks-pendaftaran-lowongan-kerja-mandiri-taspen,CASE,GOLD,True,R3;R4;R8,HEURISTIC_NEEDS_HUMAN_REVIEW
FAKE-IDN-018,2025-06-02,Komdigi,Kementerian Koperasi dan UKM,Facebook,Impersonation + data harvesting,Unggahan Facebook menawarkan rekrutmen besar-besaran pendamping koperasi modern dan mengarahkan ke tautan yang meminta nama lengkap serta nomor Telegram. Kementerian menyatakan informasi tersebut palsu.,Impersonation; personal-data collection; Telegram capture; absent official recruitment.,D1; D3; L1; L3,FAKE,https://www.komdigi.go.id/berita/berita-hoaks/detail/hoaks-tautan-lowongan-kerja-pendamping-koperasi-modern-2025,CASE,GOLD,True,R3;R4;R8,HEURISTIC_NEEDS_HUMAN_REVIEW
FAKE-IDN-019,2025-05-20,PT K Line Indonesia,PT K Line Indonesia,Document/Email,Forged recruitment notice,PT K Line Indonesia mengumumkan adanya pemberitahuan rekrutmen palsu yang menggunakan nama perusahaan dan nomor dokumen seolah-olah resmi.,Corporate impersonation; forged recruitment document.,L1; L3,FAKE,https://www.kline.co.id/news/20250520~Announcement-The%20falsification%20of%20the%20name%20of%20KLI.pdf,CASE,GOLD,True,R4,HEURISTIC_NEEDS_HUMAN_REVIEW
FAKE-IDN-020,2026-06-19,PenapaPua (reported case),Unspecified employer(s),WhatsApp,Upfront fee recruitment fraud,Laporan kasus di Mimika menyebut korban dihubungi admin grup WhatsApp untuk pekerjaan CS dan diminta membayar biaya; laporan menyebut pembayaran Rp500 ribu hingga beberapa juta rupiah tergantung pekerjaan.,Recruitment through WhatsApp; upfront payment; multiple victims; job offer linked to payment.,F1; M1,FAKE,https://penapapua.com/ratusan-orang-di-mimika-jadi-korban-penipuan-lowongan-kerja-ada-yang-bayar-rp-8-juta/,CASE,SILVER,True,R1;R8,HEURISTIC_NEEDS_HUMAN_REVIEW
FAKE-IDN-021,2025-01-22,Jabar Saber Hoaks,Kementerian Kesehatan RI,Facebook,Impersonation + credential phishing,Unggahan Facebook mengatasnamakan Kementerian Kesehatan RI dengan daftar 15 posisi dan tautan pendaftaran. Tautan tidak mengarah ke kanal resmi Kemenkes dan meminta email/nomor telepon serta password Facebook.,Impersonation; unofficial registration link; credential phishing; job claim not found on official channels.,D2; D3; L1; L3,FAKE,https://saberhoaks.jabarprov.go.id/v2/klarifikasi/detail/PTN002869/DAFTAR-LOWONGAN-KERJA-KEMENKES-RI-2025,CASE,GOLD,True,R3;R4,HEURISTIC_NEEDS_HUMAN_REVIEW
FAKE-IDN-022,2025-03-05,Jabar Saber Hoaks,LPPOM MUI,Facebook,Impersonation + WhatsApp redirection,Akun Facebook 'Informasi loker 2025' menawarkan posisi Laboratory Calibration Technician atas nama LPPOM MUI dan mengarahkan pelamar ke WhatsApp. LPPOM MUI menyatakan akun tersebut bukan akun resmi dan posisi itu tidak ditemukan pada kanal resminya.,Impersonation; non-official account; WhatsApp redirection; vacancy absent from official channel.,L1; L3; L2,FAKE,https://saberhoaks.jabarprov.go.id/v2/klarifikasi/detail/PTN003029/LOWONGAN-KERJA-LABORATORY-CALIBRATION-TECHNICIAN-LPPOM-MUI,CASE,GOLD,True,R4;R8,HEURISTIC_NEEDS_HUMAN_REVIEW
FAKE-IDN-023,2025-09-18,Jabar Saber Hoaks,Dinas Pemadam Kebakaran,Instagram,Impersonation + data harvesting + verification-code request,"Instagram ads menawarkan lowongan petugas Damkar melalui tautan pada bio. Tautan tidak menuju situs resmi dan meminta nama sesuai KTP, nomor Telegram aktif, serta kode verifikasi yang dikirim ke Telegram.",Impersonation; KTP request; Telegram capture; verification code request; unofficial registration site.,D1; D2; D3; L1; L3,FAKE,https://saberhoaks.jabarprov.go.id/v2/klarifikasi/detail/PTN003681/TAUTAN-LOWONGAN-KERJA-PETUGAS-DAMKAR-2025,CASE,GOLD,True,R3;R4;R8,HEURISTIC_NEEDS_HUMAN_REVIEW
FAKE-IDN-024,2025-05-28,Jabar Saber Hoaks,BNPB,Facebook,Impersonation + Telegram redirection,Facebook 'Info lowongan kerja terbaru BNPB 2025' menawarkan posisi Tenaga Arsiparis dan menyediakan tautan pendaftaran. Tautan tidak mengarah ke website BNPB dan meminta nama serta nomor Telegram.,Impersonation; unofficial link; personal-data request; Telegram capture; official BNPB recruitment uses government recruitment channels.,D1; D3; L1; L3,FAKE,https://saberhoaks.jabarprov.go.id/v2/klarifikasi/detail/PTN003281/LOWONGAN-KERJA-TERBARU-BNPB-2025,CASE,GOLD,True,R3;R4;R8,HEURISTIC_NEEDS_HUMAN_REVIEW
FAKE-IDN-025,2025-06-23,Jabar Saber Hoaks,PT Telkom Indonesia (Persero) Tbk,TikTok,Impersonation + data harvesting,TikTok menawarkan lowongan PT Telkom dan mengajak pelamar mendaftar melalui tautan di bio. Pemeriksaan menunjukkan tautan tidak mengarah ke situs resmi Telkom dan meminta nama lengkap serta nomor Telegram.,Impersonation; unofficial application link; personal-data collection; Telegram capture.,D1; D3; L1; L3,FAKE,https://saberhoaks.jabarprov.go.id/v2/klarifikasi/detail/PTN003344/TAUTAN-LOWONGAN-KERJA-PT-TELKOM-INDONESIA-%28PERSERO%29-TBK,CASE,GOLD,True,R3;R4;R8,HEURISTIC_NEEDS_HUMAN_REVIEW
FAKE-IDN-026,2025-02-26,Jabar Saber Hoaks,PT BP Indonesia,Facebook,Impersonation + Telegram redirection,Akun Facebook 'rekruitment PT BP Indonesia' menawarkan internship dan berbagai posisi atas nama BP Indonesia. Akun bukan akun resmi dan tautannya mengarah ke formulir yang meminta nama serta nomor Telegram.,Impersonation; fake recruitment account; personal-data request; Telegram redirection; vacancy absent from official channel.,D1; D3; L1; L3,FAKE,https://saberhoaks.jabarprov.go.id/v2/klarifikasi/detail/PTN003004/LOWONGAN-KERJA-PT-BP-INDONESIA-2025,CASE,GOLD,True,R3;R4;R8,HEURISTIC_NEEDS_HUMAN_REVIEW
FAKE-IDN-027,2025-03-21,Jabar Saber Hoaks,Bank Syariah Indonesia,Facebook,Impersonation + data harvesting,"Unggahan Facebook menawarkan lowongan Bank BSI dengan tautan pada bio. Akun tersebut bukan akun resmi; tautannya meminta nama sesuai e-KTP dan nomor Telegram, dan lowongan serupa tidak ditemukan pada kanal resmi.",Impersonation; e-KTP request; Telegram capture; unofficial registration link; official-channel mismatch.,D1; D3; L1; L3; L2,FAKE,https://saberhoaks.jabarprov.go.id/v2/klarifikasi/detail/PTN003136/TAUTAN-LOWONGAN-KERJA-BANK-BSI-2025,CASE,GOLD,True,R3;R4;R5;R8,HEURISTIC_NEEDS_HUMAN_REVIEW
FAKE-IDN-028,2026-02-13,Jala Hoaks Jakarta,BUMN / FHCI,Facebook,Impersonation + phishing,Unggahan Facebook mengklaim rekrutmen BUMN 2026 telah dibuka dan mengarahkan ke tautan pendaftaran. Tim Jalahoaks tidak menemukan pengumuman resmi; tautan bukan milik pemerintah/BUMN dan meminta data diri.,Impersonation; unaffiliated domain; personal-data harvesting; false recruitment timing claim.,D3; L1; L3; L2,FAKE,https://jalahoaks.jakarta.go.id/detail/Hoaks-Lowongan-Pekerjaan-BUMN-2026,CASE,GOLD,True,R3;R4,HEURISTIC_NEEDS_HUMAN_REVIEW
FAKE-IDN-029,2026-04-20,Jala Hoaks Jakarta,Ombudsman Republik Indonesia,Facebook,Impersonation + data harvesting,"Facebook menyebarkan informasi lowongan Ombudsman 2026 dengan tautan pendaftaran. Tautan menuju formulir digital yang meminta nama, alamat, dan nomor Telegram; informasi tidak sesuai dengan sumber resmi.",Impersonation; personal-data request; Telegram capture; official-source mismatch.,D1; D3; L1; L3,FAKE,https://jalahoaks.jakarta.go.id/detail/Hoaks-Lowongan-Kerja-Ombudsman-Republik-Indonesia,CASE,GOLD,True,R3;R4;R5;R8,HEURISTIC_NEEDS_HUMAN_REVIEW
FAKE-IDN-030,2026-05-21,Jala Hoaks Jakarta,PT Kereta Api Indonesia (Persero),Threads,Impersonation + unofficial social recruitment,Informasi Threads mengklaim KAI membuka rekrutmen 2026. KAI menyatakan rekrutmen hanya melalui e-recruitment.kai.id dan akun tidak resmi bukan kanal rekrutmen perusahaan.,Impersonation; unofficial social-media recruitment; channel inconsistency.,L1; L3,FAKE,https://jalahoaks.jakarta.go.id/detail/Hoaks-Lowongan-Kerja-KAI-2026,CASE,GOLD,True,R4;R5,HEURISTIC_NEEDS_HUMAN_REVIEW
FAKE-IDN-031,2026-05-26,Jala Hoaks Jakarta,PT Pegadaian,Threads,Impersonation + high salary + phishing,"Threads menawarkan lowongan Pegadaian dengan gaji Rp5,5–16 juta dan fasilitas lengkap, lalu mengarahkan ke tautan pada bio. Tautan tidak sesuai prosedur resmi dan terindikasi phishing/pencurian data.",Impersonation; attractive compensation claim; unofficial link; phishing/data theft risk.,F3; D3; L1; L3,FAKE,https://jalahoaks.jakarta.go.id/detail/Hoaks-Tautan-Lowongan-Kerja-PT-Pegadaian-2026,CASE,GOLD,True,R2;R4,HEURISTIC_NEEDS_HUMAN_REVIEW
FAKE-IDN-032,2026-06-22,Jala Hoaks Jakarta,PT Bank Negara Indonesia (Persero) Tbk,TikTok,Impersonation + sensitive data harvesting,"TikTok mengumumkan lowongan besar-besaran BNI dan mengarahkan ke tautan bio. Formulir meminta nama lengkap, asal provinsi, dan nomor Telegram, bukan melalui portal rekrutmen BNI.",Impersonation; sensitive personal-data request; Telegram capture; unofficial recruitment portal.,D1; D3; L1; L3,FAKE,https://jalahoaks.jakarta.go.id/detail/Hoaks-Tautan-Rekrutmen-Pegawai-BNI-2026,CASE,GOLD,True,R3;R4;R8,HEURISTIC_NEEDS_HUMAN_REVIEW
FAKE-IDN-033,2026-06-30,Jala Hoaks Jakarta,Badan Gizi Nasional,WhatsApp,Impersonation + phishing,Informasi WhatsApp menawarkan lowongan program MBG 2026 dengan tautan pendaftaran. Pemeriksaan menunjukkan tautan bukan milik BGN dan meminta nama lengkap serta nomor Telegram.,Impersonation; WhatsApp-distributed link; personal-data harvesting; Telegram capture; official BGN warning.,D1; D3; L1; L3,FAKE,https://jalahoaks.jakarta.go.id/detail/Hoaks-Tautan-Lowongan-Pekerjaan-di-Badan-Gizi-Nasional-Tahun-2026,CASE,GOLD,True,R3;R4;R8,HEURISTIC_NEEDS_HUMAN_REVIEW
FAKE-IDN-034,2026-07-14,Jala Hoaks Jakarta,Koperasi Desa Merah Putih,Facebook,Impersonation + high salary + data harvesting,Facebook mengklaim pemerintah membuka lowongan Koperasi Desa Merah Putih 2026 dengan gaji Rp5–9 juta dan tautan pendaftaran. Tautan mengarah ke halaman yang meminta nama lengkap dan nomor akun Telegram.,Impersonation; attractive salary claim; unofficial link; personal-data harvesting.,F3; D1; D3; L1; L3,FAKE,https://jalahoaks.jakarta.go.id/detail/Hoaks-Tautan-Pendaftaran-Rekrutmen-Pegawai-Koperasi-Desa-Merah-Putih-Juli-2026,CASE,GOLD,True,R2;R3;R4,HEURISTIC_NEEDS_HUMAN_REVIEW
FAKE-IDN-035,2026-05-25,Jala Hoaks Jakarta,BUMN dan Indofood Group,Facebook,Impersonation + data harvesting + vague job claim,"Akun Facebook 'loker terbaru' mengklaim pembukaan lowongan besar-besaran BUMN dan Indofood Group 2026. Tautan mengarah ke formulir mencurigakan yang meminta nama, alamat, dan nomor Telegram; posisi yang ditawarkan bersifat sangat umum.",Impersonation; personal-data harvesting; vague job information; unofficial recruitment link.,D1; D3; L1; L3; L2,FAKE,https://jalahoaks.jakarta.go.id/detail/Hoaks-Tautan-Pendaftaran-Lowongan-Pekerjaan-BUMN-dan-Indofood-Group-2026,CASE,GOLD,True,R3;R4,HEURISTIC_NEEDS_HUMAN_REVIEW
FAKE-IDN-036,2026-07-16,Jala Hoaks Jakarta,PT Nindya Karya,TikTok,Impersonation + data harvesting,"TikTok 'lokerblog.id' mengklaim rekrutmen Nindya Karya dan mengarahkan ke tautan yang meminta nama, alamat, dan nomor Telegram. Perusahaan memang pernah membuka rekrutmen resmi pada periode berbeda, sehingga kasus ini merupakan penggunaan informasi untuk membuat kanal palsu.",Impersonation; unofficial link; personal-data harvesting; temporal inconsistency with actual recruitment.,D1; D3; L1; L3; L2,FAKE,https://jalahoaks.jakarta.go.id/detail/Hoaks-Tautan-Pendaftaran-Lowongan-Kerja-PT-Nindya-Karya-2026,CASE,GOLD,True,R3;R4;R5,HEURISTIC_NEEDS_HUMAN_REVIEW
FAKE-IDN-037,2025-02-10,Jala Hoaks Jakarta,Kementerian Pekerjaan Umum (klaim Kementerian PUPR),Instagram,Impersonation,Instagram menyebarkan informasi lowongan yang mengatasnamakan Kementerian PUPR. Pemeriksaan pada kanal resmi tidak menemukan lowongan tersebut; nomenklatur kementerian yang digunakan juga tidak sesuai dengan status institusi saat itu.,Impersonation; official-channel mismatch; institutional-information inconsistency.,L1; L3; L2,FAKE,https://saberhoaks.jabarprov.go.id/v2/klarifikasi/detail/PTN002923/Social%20Media%20Da%27wah%20Literacy%20on%20the%20West%20Java%20Saber%20Hoaks%20Program,CASE,GOLD,True,R4;R5,HEURISTIC_NEEDS_HUMAN_REVIEW
FAKE-IDN-038,2025-01-24,Jabar Saber Hoaks,PT Djarum,Facebook,Impersonation + data harvesting,"Unggahan Facebook mengatasnamakan PT Djarum mengarahkan pelamar ke carikerjasekarang.my.id dan meminta nama lengkap, usia, jenis kelamin, serta nomor Telegram aktif. Kanal tersebut tidak resmi.",Impersonation; external domain; identity-data collection; Telegram capture.,D1; D3; L1; L3,FAKE,https://saberhoaks.jabarprov.go.id/v2/klarifikasi/detail/ADN016023/Social%20Media%20Da%27wah%20Literacy%20on%20the%20West%20Java%20Saber%20Hoaks%20Program,CASE,GOLD,True,R3;R4;R8,HEURISTIC_NEEDS_HUMAN_REVIEW
FAKE-IDN-039,2026-09-07,Kemkomdigi + BP2MI,Multiple overseas employers / victims,Multiple digital channels,Large-scale fake overseas job advertising,"Kemkomdigi dan BP2MI melaporkan penurunan 7.908 konten iklan lowongan kerja luar negeri fiktif sepanjang Januari–Agustus 2026. Rilis tersebut menggambarkan skala fenomena, bukan satu posting individual.",Large-scale confirmed removal of fictional overseas job advertisements; government enforcement action.,E3,FAKE,https://www.komdigi.go.id/berita/siaran-pers/detail/lindungi-pencari-kerja-kemkomdigi-dan-bp2mi-turunkan-7908-iklan-loker-luar-negeri-fiktif,FAKE_CASE_AGGREGATE,GOLD,False,R9,HEURISTIC_NEEDS_HUMAN_REVIEW
FAKE-IDN-040,2026-05-24,Tribratanews Polri,J&T Express,Facebook,Impersonation + data harvesting,"Facebook menyebarkan tautan rekrutmen J&T Express 2026. Tautan mengarah ke formulir yang meminta nama, alamat, dan nomor Telegram; J&T mengarahkan pelamar ke kanal resmi jet.co.id.",Impersonation; unofficial recruitment link; personal-data collection; Telegram capture.,D1; D3; L1; L3,FAKE,https://tribratanews.polri.go.id/blog/none-22/hoaks-link-rekrutmen-karyawan-j-t-express-2026-102000,CASE,GOLD,True,R3;R4;R8,HEURISTIC_NEEDS_HUMAN_REVIEW
FAKE-IDN-041,2026-06-22,Tribratanews Polri,Bank BCA,TikTok,Impersonation + data harvesting,"TikTok mengklaim lowongan BCA 2026 untuk beberapa program dan mengarahkan pelamar ke tautan bio. Tautan tidak menuju situs rekrutmen resmi BCA dan meminta nama, alamat, serta nomor Telegram.",Impersonation; unofficial application link; personal-data harvesting; Telegram capture.,D1; D3; L1; L3,FAKE,https://tribratanews.polri.go.id/blog/none-22/hoaks-link-rekrutmen-karyawan-bank-bca-102875,CASE,GOLD,True,R3;R4;R8,HEURISTIC_NEEDS_HUMAN_REVIEW
FAKE-IDN-042,2026-02-06,Tribratanews Polri,PT Nabati Indonesia,TikTok,Impersonation + data harvesting,Video TikTok mengklaim lowongan PT Nabati Indonesia 2026. Tautan pada profil tidak menuju situs resmi perusahaan dan meminta nama lengkap serta nomor handphone yang terhubung ke Telegram.,Impersonation; unofficial link; personal-data request; Telegram-associated phone request.,D1; D3; L1; L3,FAKE,https://tribratanews.polri.go.id/blog/none-22/hoaks-link-rekrutmen-karyawan-pt-nabati-indonesia-98685,CASE,GOLD,True,R3;R4;R8,HEURISTIC_NEEDS_HUMAN_REVIEW
FAKE-IDN-043,2026-07-18,Tribratanews Polri,Garuda Indonesia,TikTok,Impersonation + data harvesting,"TikTok menampilkan pendaftaran lowongan Garuda Indonesia 2026. Tautan profil menuju formulir yang meminta nama, alamat, dan nomor Telegram; kanal karier Garuda menunjukkan tidak ada lowongan tersebut.",Impersonation; unofficial application link; personal-data collection; mismatch with official career channel.,D1; D3; L1; L3,FAKE,https://tribratanews.polri.go.id/blog/none-22/hoaks-daftar-rekrutmen-kerja-garuda-indonesia-103735,CASE,GOLD,True,R3;R4;R5,HEURISTIC_NEEDS_HUMAN_REVIEW
FAKE-IDN-044,2026-08-08,Tribratanews Polri,Tokopedia,Social media,Impersonation + data harvesting,"Unggahan media sosial menawarkan lowongan Customer Service Tokopedia 2026 dan mengarahkan pengguna ke tautan bio. Tautan menuju formulir mencurigakan yang meminta nama lengkap, alamat rumah, dan nomor Telegram.",Impersonation; unofficial application link; sensitive personal-data request; Telegram capture.,D1; D3; L1; L3,FAKE,https://tribratanews.polri.go.id/blog/none-22/hoaks-link-rekrutmen-kerja-customer-service-di-tokopedia-104262,CASE,GOLD,True,R3;R4;R8,HEURISTIC_NEEDS_HUMAN_REVIEW
FAKE-IDN-045,2026-07-31,Tribratanews Polri,PT Permodalan Nasional Madani,TikTok,Impersonation + data harvesting + vacancy mismatch,"TikTok mengiklankan lowongan PNM. PNM memang sedang membuka lowongan, tetapi posisi pada unggahan berbeda; tautan juga mengarah ke formulir mencurigakan yang meminta nama, alamat, dan nomor Telegram.",Impersonation; mismatch with actual vacancies; unofficial form; personal-data harvesting.,D1; D3; L1; L2; L3,FAKE,https://tribratanews.polri.go.id/blog/none-22/hoaks-rekrutmen-kerja-pt-permodalan-nasional-madani-104092,CASE,GOLD,True,R3;R4;R5,HEURISTIC_NEEDS_HUMAN_REVIEW
FAKE-IDN-046,2026-05-12,Tribratanews Polri,Lion Air Group,TikTok,Impersonation + data harvesting,"TikTok membagikan tautan yang diklaim sebagai lowongan Lion Air Group. Tautan mengarah ke laman yang meminta nama dan nomor Telegram, sedangkan kanal resmi recruitment Lion Air Group menggunakan recruitment.lionair.co.id atau linktr.ee/RecruitmentLionGroup.",Impersonation; unofficial link; personal-data collection; Telegram capture; official-channel mismatch.,D1; D3; L1; L3,FAKE,https://tribratanews.polri.go.id/blog/none-22/hoaks-link-rekrutmen-karyawan-lion-air-group-101626,CASE,GOLD,True,R3;R4;R5;R8,HEURISTIC_NEEDS_HUMAN_REVIEW
FAKE-IDN-047,2025-09-14,Detik Jatim,Buruh pabrik / BUMN-related vacancies,Facebook + WhatsApp,Upfront fee + insider claim + recruitment fraud,"Kasus Jombang: pelaku menawarkan pekerjaan pabrik/berbagai lowongan, mengaku memiliki koneksi orang dalam/HRD, dan meminta pembayaran Rp2,5–5 juta dari korban. Korban membentuk grup WhatsApp dan total kerugian yang dilaporkan mencapai Rp49,05 juta.",Upfront recruitment payment; social-media/WhatsApp contact; false insider/HR claim; repeated excuses after payment.,F1; L3; M1,FAKE,https://www.detik.com/jatim/hukum-dan-kriminal/d-8111008/fakta-fakta-penipu-pencari-kerja-di-jombang-dijebak-lalu-dimassa-korban/amp,CASE,GOLD,True,R1;R4;R8,HEURISTIC_NEEDS_HUMAN_REVIEW
FAKE-IDN-048,2025-05-05,Detik Sumbagsel,BUMN-related vacancies / PT KAI Divre III claim,Facebook + WhatsApp,Upfront fee + recruitment impersonation + referral pressure,"Kasus Palembang: tersangka menawarkan loker BUMN, mengaku HRD/karyawan BUMN, meminta uang Rp5 juta atau pembayaran awal Rp2,5–3 juta, dan meminta korban mengajak teman karena disebut ada 43 posisi.",Upfront payment; false insider/HR representation; referral pressure; WhatsApp distribution; fabricated vacancy count.,F1; L3; M1; F2,FAKE,https://www.detik.com/sumbagsel/hukum-dan-kriminal/d-7899303/cerita-korban-penipuan-loker-fiktif-wita-info-disebar-via-wa-diminta-ajak-teman/amp,CASE,GOLD,True,R1;R4;R6;R8;R10,HEURISTIC_NEEDS_HUMAN_REVIEW
FAKE-IDN-049,2025-04-27,Tribratanews Polda Jabar,Companies in Karawang / recruitment-placement claims,WhatsApp,Upfront fee + false placement promise,Kasus Karawang: pemilik yayasan penyalur tenaga kerja diduga menawarkan penempatan cepat di perusahaan ternama dan meminta uang administrasi. Jadwal kerja terus diundur dan pelatihan yang dijanjikan tidak terlaksana.,Upfront recruitment fee; false placement promise; repeated postponement; fake training claim.,F1; L2; M1,FAKE,https://tribratanews.jabar.polri.go.id/bos-yayasan-penyalur-tenaga-kerja-di-karawang-ditangkap-polisi/,CASE,GOLD,True,R1,HEURISTIC_NEEDS_HUMAN_REVIEW
FAKE-IDN-050,2026-06-14,Polsek Kawasan Sunda Kelapa / ANTARA,ABK / fishing vessel job,Social media,Recruitment deception + cost/contract mismatch,Kasus Muara Angke: pemuda Garut tertarik iklan lowongan ABK kapal cumi di media sosial dan melapor setelah menemukan ketidaksesuaian informasi terkait kasbon dan biaya kerja.,Recruitment information mismatch; work-cost/debt issue; social-media recruitment; maritime employment context.,L2; E2; E3,FAKE,https://www.antaranews.com/berita/5607840/calon-abk-asal-garut-jadi-korban-penipuan-lowongan-kerja-di-angke,CASE,SILVER,True,R1;R5;R9,HEURISTIC_NEEDS_HUMAN_REVIEW
FAKE-IDN-051,2026-06-18,Detik Sumbagsel,"Mining job in Mimika, Papua",Direct contact / unknown digital channel,Repeated upfront payments + delayed departure,"Kasus Lampung–Papua: korban ditawari pekerjaan di kawasan tambang Mimika, diminta uang muka Rp5 juta kemudian transfer bertahap untuk biaya administrasi dan keberangkatan. Jadwal berangkat terus ditunda sampai kerugian sekitar Rp35 juta.",Upfront payment; repeated additional payments; migration/relocation promise; repeated postponement.,F1; F2; E3; M1,FAKE,https://www.detik.com/sumbagsel/hukum-dan-kriminal/d-8536401/wanita-lampung-kehilangan-uang-rp-35-juta-usai-ditipu-tawaran-kerja-di-papua/amp,CASE,GOLD,True,R1,HEURISTIC_NEEDS_HUMAN_REVIEW
FAKE-IDN-052,2026-02-26,Detik Jatim,PT Wilmar Gresik claim,Direct contact,Recruitment impersonation + high financial loss,Kasus Tulungagung: korban ditawari pekerjaan di PT Wilmar Gresik dan pelaku menggunakan seragam perusahaan untuk meyakinkan korban. Korban kemudian mengalami kerugian sekitar Rp100 juta.,False company association; deceptive representation; use of company uniform as trust signal; recruitment fraud.,L3; L1; F1,FAKE,https://www.detik.com/jatim/hukum-dan-kriminal/d-8373335/iming-iming-kerja-di-pabrik-migor-warga-tulungagung-tertipu-rp-100-juta,CASE,GOLD,True,R4,HEURISTIC_NEEDS_HUMAN_REVIEW
FAKE-IDN-053,2026-09-16,ANTARA,Outsourcing company in Kebayoran Lama,Offline office + WhatsApp complaints,Upfront fee + restriction/dependency concern,"Kasus Kebayoran Lama: calon pelamar dilaporkan diwajibkan membayar Rp1,6 juta; menurut keterangan polisi, jika tidak membayar mereka tidak diperbolehkan keluar dari kantor yang didatangi.",Upfront payment; alleged restriction after recruitment interaction; police investigation; company status still being examined.,F1; E2,FAKE,https://www.antaranews.com/berita/5744197/polisi-selidiki-loker-palsu-yang-minta-sejumlah-uang-di-kebayoran-lama,CASE,SILVER,True,R1;R9,HEURISTIC_NEEDS_HUMAN_REVIEW
FAKE-IDN-054,2025-06-17,RRI Padang,Basko City Mall,Direct/WhatsApp complaints,Upfront fee + fake contracts + impersonation,"Kasus Padang: 138 korban diidentifikasi polisi dalam dugaan penipuan yang mengatasnamakan Basko City Mall. Korban disebut membayar uang dengan janji diterima bekerja, sementara manajemen mall menyatakan tidak memungut biaya dan tidak menunjuk pihak luar untuk rekrutmen.",Upfront payment; false employer representation; fake contract/identity evidence reported; multiple victims.,F1; L1; L3,FAKE,https://rri.co.id/padang/hukum/1587987/polresta-padang-usut-dugaan-penipuan-berkedok-loker,CASE,GOLD,True,R1;R4,HEURISTIC_NEEDS_HUMAN_REVIEW
FAKE-IDN-055,2025-06-09,Tribratanews Polri,Program MBG / Badan Gizi Nasional,Facebook,Impersonation + phishing + KTP request,Facebook menyebarkan tautan rekrutmen Program MBG 2026 untuk berbagai posisi. Tautan bukan milik BGN dan meminta nama lengkap sesuai KTP serta nomor telepon yang digunakan pada Telegram.,Impersonation; phishing; KTP request; Telegram-linked phone capture; official BGN denial.,D1; D3; L1; L3,FAKE,https://tribratanews.polri.go.id/blog/none-22/hoaks-link-rekrutmen-lowongan-kerja-program-mbg-102444,CASE,GOLD,True,R3;R4;R8,HEURISTIC_NEEDS_HUMAN_REVIEW
